sentence,sector,company,manual_label
The Company values the feedback it receives from the local community and takes the concerns of neighbours seriously.,Manufacturing,TataSteel,Vague
"We deployed our patented Radiflux Radiant Baffles for an IT client, leading to 40% energy savings.",IT,Infosys,Concrete
"The details of such remuneration are as below: (H crore) Year ended Year ended March 31, 2024 March 31, 2023 (a) Short-term employee benefits 31.06 32.88 (b) Post-employment benefits 9.42 4.88 (c) Other long-term employee benefits 0.11 0.06 40.59 37.82 F219 117th Year Integrated Report & Annual Accounts 2023-24 NOTES forming part of the consolidated financial statements 31.",Manufacturing,TataSteel,Concrete
"The emissions are based on disposal mechanisms (e.g., recycling, reuse, landfill) for different categories of waste (plastic, metal, e-waste, batteries, food waste, garden waste etc.,) and have been computed based on emission factors from DEFRA 2023.",IT,TCS,Concrete
"In FY2023-24, the Company’s Central Finance platform facilitated financial closure across Tata Steel Group Companies in India and South-East Asia, streamlining reporting, enabling planning scenarios and reducing compliance risks across the group.",Manufacturing,TataSteel,Concrete
Business Responsibility & Sustainability Report 135 PRINCIPLE 2 : Businesses should provide goods and services in a manner that is sustainable and safe Essential Indicators 1.,IT,TCS,Concrete
"Provide details related to waste management by the entity, in the following format: Tata Steel Standalone Tata Steel Consolidated Parameter FY2023-24 FY2022-23 FY2023-24 FY2022-23 Total Waste generated (in metric tonnes) Plastic waste (A) 2,391 1,967 2,993 2,679 E-waste (B) 260 103 779 643 Bio-medical waste (C) 23 63 23 64 Construction and demolition waste (D) 3,061 7,401 66,433 74,293 Battery waste (E) 264 264 293 372 Radioactive waste (F)* - - - - Other Hazardous waste.",Manufacturing,TataSteel,Concrete
"CLIMATE ACTION We supported climate action through plantation of 9,500 saplings across three city forest sites in Maharashtra, covering 28,500 sq. ft., water restoration, and decentralised solar energy solutions in parts of PARTNERSHIPS FOR THE GOALS Maharashtra, Madhya Pradesh, Andhra Pradesh, and the Northeast.",Banking,HDFC,Concrete
"T he Hon’ble Supreme Court pronounced its judgement in the Common Cause case on August 2, 2017 wherein it directed that compensation equivalent to the price of mineral extracted in excess of environment clearance or without forest clearance from the forest land be paid.",Manufacturing,TataSteel,Concrete
"In consultation area, with a capacity of 10 million litres. manufacture a sulphur-rich nutrient with stakeholders and experts, the In Meramandali, a 9.5-acre pond was supplement branded ‘Dhurvi Gold’.",Manufacturing,TataSteel,Concrete
"ITC engages with its supply chain partners → Latest regulatory changes including NGRBC During FY 2023-24, 40% of Critical Tier- periodically to build awareness of the Supplier's principles; SEBI’s BRSR Core for Value 1 suppliers have been assessed by a third ITC’s Policy on ‘Sustainable Supply Chain and Code of Conduct.",FMCG,ITC,Concrete
"In FY 2023-24, 38 offices have undergone ISO 45001:2018 audits by TUV India Pvt Ltd for occupational health and safety.",IT,TCS,Concrete
"Tata Steel has a long, requirements, which are aligned with uses a carbon-adjusted internal cost of unbroken record of annual disclosure its growth ambitions and address ALM capital of US$ 40 per tonne of CO for to the Climate Disclosure Project (Asset and Liability Management) risks.",Manufacturing,TataSteel,Concrete
"2 Managing GHG Emissions Managing Scope 1 and 2 emissions requires investment in energy efficiency, adoption of renewable energy, and building green 50% 50% infrastructure with low energy and emissions attributes.",FMCG,ITC,Concrete
Relevant emission factors are taken from DEFRA 2023.,IT,TCS,Concrete
"Advancing sustainable By embedding climate action and packaging Infosys has launched a comprehensive • circular-economy practices, and sustainable packaging into procurement, Infosys has shifted sourcing from a initiative to embed sustainability into • enhanced indoor environmental transactional activity to a strategic lever the specification and procurement of quality, construction and IT materials across all for ESG transformation.",IT,Infosys,Concrete
"The analysis showed that the charcoal-free Agarbattis had a 10% lower carbon footprint compared to the regular Agarbattis, due to the substitution of emission-intensive ingredient (pre-processed charcoal) with sawdust.",FMCG,ITC,Concrete
Tata Steel also commissioned a floating solar power project with a capacity of 10.8 Energy efficiency and adoption of MWp (Megawatt peak) on its upper cooling pond in the plant bringing the total renewable energy is also a key lever for capacity to 20.34 MWp solar projects in the Jamshedpur plant.,Manufacturing,TataSteel,Concrete
"Social, and Governance (ESG) principles For management talent, Infosys engages into its hiring practices, reflecting its MBA graduates through programs such as Retirement Planning spans a 79% commitment to building a responsible Ingenious, a case-based competition that portfolio of services including and inclusive workforce.",IT,Infosys,Concrete
"To educate and inspire young minds, students from schools and colleges are invited to visit ICMLs, with employees acting as ambassadors to build a workforce pipeline for future requirements. to 2.0 152 & Growth Social - Social Stewardship Workforce for Tomorrow Inclusion of the Specially Abled Apart from gender, employment of the differently abled is a priority area in ITC’s diversity agenda.",FMCG,ITC,Concrete
The Purchased Company is focusing on O thers Fossil 5% Renewable Energy 1% thereby increasing the share of renewable energy enhancing its understanding → Accelerated adoption of biomass boilers of value chain emissions and across the Foods Business identifying appropriate levers → Augmentation of renewable electricity assets with the commissioning of two offsite for facilitating the Net Zero solar power plants of capacity 13.5 MWp in transition.,FMCG,ITC,Concrete
"Felt Leadership 2.0 to develop the safety leadership competency of associated companies, union leadership, and vendor partners.",Manufacturing,TataSteel,Concrete
Lowest ever specific water consumption of 1.62 m3/tcs 11.,Manufacturing,TataSteel,Concrete
Caring and empowering work environment Workers recognises of Management and its plan/weekly/ 2.,Manufacturing,TataSteel,Concrete
"100 16,225.00 16,225.00 (d) Eastern Synpacks Limited (Face value of ₹25 each) 1,50,000 1.00 1.00 (e) Ferro Manganese Plant Employees’ Consumer Co-operative Society Ltd.",Manufacturing,TataSteel,Concrete
"Turnover of FY2023-24 increased over FY2022-23 Safety and Sustainability significantly by H3,860 crore primarily due to higher » NINL has submitted application for EC for its expansion deliveries of pig iron and steel owing to full year of from 0.981 MTPA to 9.5 MTPA. operations during the year.",Manufacturing,TataSteel,Concrete
"We are in our ninth year of partnership with the in the digital era, reflecting our commitment to where young leaders apply their skills in real-world Australian Disability Network (ADN) and have sustainable growth and societal impact.",IT,Infosys,Concrete
Sustainable Procurement – focused on Vendor satisfaction surveys strengthening collaboration with our (VenSat) 29.10% supplier ecosystem.,IT,Infosys,Concrete
47 | External Document © 2025 Infosys Limited INSIGHT TO IMPACT ENVIRONMENT SOCIAL GOVERNANCE GERMANY MädchenbüroMilena e.V. geography lessons.,IT,Infosys,Concrete
"How we do it What we achieved W e have developed a proprietary ESG scoring O ur ‘Sustainable Equity Fund’ continued to gain methodology based on key ESG parameters and traction among conscious investors, growing by have also subscribed to an external ESG rating over 30% in FY 2024-25 provider, which provides us ESG scores for top W e engaged with 38 investee companies during 250 listed companies in our active listed equity the year, with a focus on improving ESG integration universe.",Banking,HDFC,Concrete
Assessments for the year: % of your plants and offices that were assessed (by entity or statutory authorities or third parties) Child labour Forced/involuntary labour TCS internally monitors compliance with all relevant laws and policies pertaining to these Sexual harassment issues at 100% of its offices.,IT,TCS,Concrete
Employee benefits expense [Item No.,Manufacturing,TataSteel,Concrete
"Environmental, Social and Governance Report 2023-24 11 Profitable growth We added more than 80,000 agents (on gross basis) during FY 2023-24 as a part of our strategy to invest into building New business premium (individual and group) grew by a robust Proprietary franchise.",Banking,HDFC,Concrete
"117th Year Integrated Report & Annual Accounts 2023-24 352 Project title Benefits Tata Steel has commercialised a novel coking catalyst that reduces coke production time Reduction in carbonisation time in non-recovery significantly, leading to both cost savings and reduction in CO emissions per ton of coke.",Manufacturing,TataSteel,Concrete
ITC Dividend of ₹2.75 per Ordinary Share). among the foremost in the country in terms of remains amongst the Top 3 Indian corporates The Company is committed to enhancing gender the efficiency of servicing financial capital. in the private sector in terms of Contribution diversity and the participation of the differently to the Exchequer. abled in the workforce.,FMCG,ITC,Vague
"This assessment was undertaken in 2023 for 60+ ITC-owned assets, and as a result, For assessing other key risks like water stress Natured-related Dependencies and Impacts Relevance for ITC businesses all sites with any interface with eco-sensitive and climate change, desk-based portfolio-level zones were identified. screenings are carried out using the latest available data and tools.",FMCG,ITC,Concrete
68 | External Document © 2025 Infosys Limited INSIGHT TO IMPACT ENVIRONMENT SOCIAL GOVERNANCE Performance on Governance Goals Corporate Governance Data Privacy Information Management Data Privacy First India-headquartered Company Thought Leadership in Data Privacy to receive Binding Corporate We understand that staying ahead in a dynamic privacy landscape requires leadership and advocacy beyond the organization.,IT,Infosys,Concrete
"Besides wellbeing initiatives, as part of retirement, & leave driving retention we also provide upskilling initiatives such as Skill Up and WINNR. options Compensation practices are governed by a Board-approved policy, aligned with IRDAI (Expenses of Management) Regulations, 2024.  Difficult to attract / retain talent  Pay discrepancies Inclusion and belonging for everyone Inclusion at HDFC Life is embedded in our DNA.",Banking,HDFC,Concrete
"This data has been subject to independent assurance by KPMG 83 G RI 305-3, GRI 305-4; There are some inclusions and modifications in estimating scope 3 carbon emissions during FY 2024 when compared to FY 2023.",IT,TCS,Concrete
"Several mitigations have been put in capacities are coming up in India, supply-side pressures place for diversified sourcing with focus on indigenisation as will be felt, and a supply-demand imbalance may emerge one of the major levers to de-risk the supply chain for both in the current fiscal.",Manufacturing,TataSteel,Vague
"The interventions focus on universal Childhood Care and Education Partnerships access and retention, bridging gender and on child-friendly pedagogy, which helped social category gaps in elementary education, achieve scale and will enable sustenance of the and improving the quality of learning.",FMCG,ITC,Vague
"Employee benefits (Contd.) (ii) Fair value of plan assets by category of investment is as below: (%) As at As at March 31, 2024 March 31, 2023 Assets category (%) Equity instruments (quoted) 4.04% 2.09% Debt instruments (quoted) 40.69% 30.85% Insurance products (unquoted) 51.04% 61.72% Others 4.23% 5.34% 100.00% 100.00% The Company’s investment policy is driven by considerations of maximising returns while ensuring credit quality of debt instruments.",Manufacturing,TataSteel,Concrete
"Please indicate material responsible business conduct and sustainability issues pertaining to environmental and social matters that present a risk or an opportunity to your business, rationale for identifying the same, approach to adapt or mitigate the risk along-with its financial implications, as per the following format.",Manufacturing,TataSteel,Vague
"99% of women who 4,400+ members on IWIN – an We strive to build and sustain a workplace went on maternity employee resource group leave returned to work for women where every individual feels respected, empowered, and supported with the opportunity to thrive.",IT,Infosys,Concrete
"Mande was appointed as an Independent Director on the Board of the Company effective June 1, 2023 and as a Member of the Corporate Social Responsibility & Sustainability Committee effective June 13, 2023.",Manufacturing,TataSteel,Concrete
"This collaboration developed by Prof Robert S Kaplan and with Tata Power Renewable Energy allows Tata Steel to gain valuable Prof Karthik Ramanna, aims to help Limited to set up a captive solar power insights, best practices, and innovative companies tackle ESG reporting in a plant with 70 MW capacity in the state of ideas related to sustainable practices and more targeted and auditable way by Maharashtra.",Manufacturing,TataSteel,Concrete
"SightConnect team presenting a demo of the app 40 | External Document © 2025 Infosys Limited INSIGHT TO IMPACT ENVIRONMENT SOCIAL GOVERNANCE Nurturing Workplace Inclusivity At Infosys, we envision a future where diversity, equity, and inclusion power innovation, growth, and shared success 39% women in across the world.",IT,Infosys,Concrete
"Tata Steel has green steel plant in Ludhiana, Punjab. committed to be Net Zero by 2045 and a In the UK and the Netherlands, Tata Steel has taken concrete steps to transition to transition to low carbon steelmaking is critical green steelmaking. for the long-term success of the Company.",Manufacturing,TataSteel,Concrete
"Reduction in carbonisation Tata Steel has commercialised a novel coking catalyst that reduces The innovation has a potential to produce time in non-recovery coke coke production time significantly, leading to both cost savings and an additional 50,000 tonnes of coke making through use of novel reduction in CO emissions per tonnes of coke. annually, marking a significant step 2 catalyst towards sustainable steel production.",Manufacturing,TataSteel,Concrete
The carbon emission reduction achieved by these schemes equate to achieving a 59% ‘Tonnes of CO2e per FTE' reduction against the 2016 baseline.,IT,TCS,Concrete
"ITC differently abled in the workforce, and where is committed to enhancing gender diversity needed, will undertake supportive actions in and participation of the differently abled in the the spirit of equity at the workplace.",FMCG,ITC,Vague
"The web-links where Composition of CSR Committee, CSR Policy and CSR projects approved by the Board are disclosed on the website of the Company are provided below: The composition of the CSR&S Committee: https://www.tatasteel.com/corporate/our-organisation/leadership/ CSR Policy https://www.tatasteel.com/media/11804/tata-steel-csr-policy-latest-2019.pdf CSR Projects as approved by the Board https://www.tatasteel.com/corporate/our-organisation/csr/ 4.",Manufacturing,TataSteel,Concrete
TCS Emission reduction objectives include: • Reduce Green House Gas emissions by improving energy efficiency in our operations. • Reduce absolute Scope 1 and Scope 2 emissions by 90 percent by 2030 over a 2016 base year and achieve Net Zero status by 2045 or earlier. • Mitigate our impact on the environment across the project lifecycle through responsible sourcing practices and green building infrastructure. • Operate efficiently by leveraging IoT Remote Energy Management.,IT,TCS,Concrete
"A defining milestone of the summit was the launch of the BioConserve Platform, to build a conservation Since 2016, Infosys has actively pursued carbon reduction projects across As part of its long-term vision for sustainable water management, Infosys continues to drive that promote sustainable solutions, particularly in urban areas. network and continue knowledge sharing.",IT,Infosys,Concrete
"How we do it What we achieved W e have constituted the ‘Celebrate You’ W omen comprise 28.2% of our workforce, and programme which ingrains our DEI philosophy our gender ratio has improved by 10 percentage across policies, communication, leadership points over the past decade.",Banking,HDFC,Concrete
"During CrossRoads 2025, the Foundation unveiled its flagship Accessibility Living Lab, developed in collaboration with the Infosys Center for Emerging Technology Solutions (iCETS).",IT,Infosys,Concrete
"Upstream 40.5% Capital goods Leased Assets Business Travel Work from home Our sustainable procurement framework evaluates With remote work now prevalent, we have suppliers based on environmental performance, 20.5% implemented policies and training to reduce prioritizing durable, recyclable products.",IT,Infosys,Concrete
"ITC Foods Business made a game- changing move by launching the In response, ITC's Paperboards business Sunfeast Farmlite Core Digestive (800g collaborated with the box manufacturer Pack) in a 100% paper outer bag.",FMCG,ITC,Concrete
"Through of accessibility challenges, introduces users to Our journey of inclusion is rooted in education structured programs and ongoing support, we are assistive technology and facilitates the creation of and advocacy.",IT,Infosys,Vague
"India, with a focus on expanding energy access for rural communities. lake rejuvenation initiatives across India.",IT,Infosys,Vague
"Infosys ESG Report 2025-26 | 13 External Document © 2026 Infosys Limited From the CFO’s desk Dear stakeholder, The 20th-century French poet Paul Valéry to make steady, measurable progress once observed, “The trouble with our across all dimensions of responsibility. times is that the future is not what it used A defining milestone was our decision to be.” That sentiment has never felt more to take the bold step toward becoming relevant.",IT,Infosys,Concrete
"Strategic pillars affected GRI 2: General Disclosures 2021, GRI 201: Economic Performance, GRI 203: Indirect Economic Impacts SP4 Environmental, Social and Governance Report 2024-25 23 Information, Cyber Security and Data Privacy Risk R Risk O Opportunity R Safeguarding information assets is a top priority for HDFC Life, and our cybersecurity framework is built on globally benchmarked Capitals impacted standards, including ISO 27001 and IRDAI guidelines.",Banking,HDFC,Concrete
"The available in the present mix of the Directors of Taxation, Risk Management, Board, through the CSR and Sustainability the Company, are provided in the Company’s Legal, Secretarial, Internal Audit, Committee reviews, monitors and provides Report and Accounts 2024.",FMCG,ITC,Concrete
"The Foundation has achieved the following: • Reached more than 1.2 million Our employees continue to empower communities through collective action and purpose. students and 16,000 educators in During this period volunteering, the Foundation boosted fiscal 2026 • 1,837 volunteering events were held participation via InfyCares, a platform • Impacted over 27 million students that simplifies discovery, coordination, and 1.4 million educators, since its • 84,975 employees participated and engagement.",IT,Infosys,Concrete
"Mohalla Committees are formed Participatory Development through under the decentralised Waste Management Programme responsible for day-to-day operations, During FY 2023-24, impact assessments were Empowered Grassroots Institutions including user fee collection and payments to waste collectors.",FMCG,ITC,Concrete
"Executive Director & Chief Financial Officer Environmental, Social and Governance Report 2024-25 9 Driving Impact through SDG Alignment Through our core business operations and corporate social responsibility initiatives, we actively support India’s commitment to the United Nations Sustainable Development Goals (UN SDGs) and are dedicated to advancing the 2030 Agenda by aligning our efforts with these goals.",Banking,HDFC,Concrete
"Mental & Emotional Wellbeing Policy Launched this year, the HDFC Life Emotional & Mental Wellbeing Policy fosters a supportive workplace, promoting mental and emotional health for all employees and their Environmental, Social and Governance Report 2023-24 69 extinguishers and their proper Inculcating Respect & Trust Among Employees usage We foster trust and inspiration among our employees by prioritising open  Educate employees about communication.",Banking,HDFC,Concrete
"Infosys is a committed member of the WEF’s Alliance of CEO Climate Leaders, a coalition of business leaders dedicated to accelerating the transition to a net-zero economy.",IT,Infosys,Vague
"Tata Steel Limited obtained the Plastic Waste EPR Registration Certificate under the ‘Brand Owner’ and ‘Importer’ categories as per the Plastic Waste Management Rules, 2016; Battery Waste EPR Registration Certificate under the ‘Producer’ category for Jamshedpur location as per the Battery Waste Management Rules, 2022, and Hazardous Waste Authorisation for various sites as per the Hazardous and Other Wastes (Management and Transboundary Movement) Rules, 2016.",Manufacturing,TataSteel,Concrete
"The learnings from all accidents 0.022 2022-23 2023-24 are disseminated across the organisation, and 0.019 0.018 formal compliance is obtained.",FMCG,ITC,Concrete
"The tomorrow. decarbonisation of the business will be 25 117th Year Integrated Report & Annual Accounts 2023-24 Our Leadership Management Speak Empowering growth and progress NINL Plant Q What were the challenges individual geographies, both in terms of account of the proposed restructuring and highlights for the global new technology solutions and ways to of operations and closure of our existing steel industry during the last optimise costs of green steel.",Manufacturing,TataSteel,Concrete
"Agriculturists to 2.0 Mission Sunehra Kal for Sustainable and Inclusive Growth 174 & Growth Social - Horizon I: Strengthen Current Dominant Source(s) of Livelihoods CSA - zero-tillage plot Conventional practice plot Internalising CSA practices amongst farmers Case-study of ITC’s Direct Seeding of Rice programme in Uttar Pradesh ITC, as part of its Climate-Smart Agriculture (below 5 acres of land holding).",FMCG,ITC,Concrete
Emissions from employee commuting calculate GHG emissions from stationary Greenhouse Gas Inventories of 2006 for the combustion sources. corresponding fuel.,FMCG,ITC,Concrete
"ITC as well as providing high-quality raw and emit 20% less GHG, we have built 40 The success achieved in making the Ghod material for ITC’s notebooks.",FMCG,ITC,Concrete
Infosys Pune campus Sustainable materials: Manufactured sand and recycled steel reduce reliance on virgin resources while maintaining ISO 50001:2018 certification structural integrity.,IT,Infosys,Concrete
"Environmental, Social and Governance Report 2024-25 57 DATA PRIVACY Ensures the security of customer and website user information across services POLICY and products, mandating informed consent for data usage and adhering to strict confidentiality standards.",Banking,HDFC,Concrete
This arrangement will countries and companies striving to becomes available. replace part of the existing coal-based achieve Net Zero emissions in heavy Tata Steel has completed pilot power generation in the Company's industry.,Manufacturing,TataSteel,Vague
"Further, we actively promote DEI within our organisation and our gender ratio stands at 27%.",Banking,HDFC,Concrete
"The Company Investment-Grade financial metrics. is committed to reducing debt There is also a significant emphasis and financing profitable growth. on ESG (Environmental, Social and This approach is complemented Governance) commitments and by Tata Steel's dedication to making transparent disclosures in improved disclosures, transparency, these areas.",Manufacturing,TataSteel,Vague
"It applies to all employees and associates, REDRESSAL OF SEXUAL conforming to the Sexual Harassment of Women at Workplace Act, 2013, and HARASSMENT (POSH) provides mechanisms for prevention and resolution.",Banking,HDFC,Concrete
"Some of the links Download printable PDF of disclosures consist of the ESG Report 2024-2025 and the ESG Data Book 2024-25 embedded in the content will take you to the Infosys Integrated Annual Report, ESG Print optimized Data Book, the Corporate Responsibility microsite, and the Foundation websites.",IT,Infosys,Concrete
"During the reporting period, 100% employees returned to work after their leave ended, and 72.7% employees remained employed 12 months after returning.",Banking,HDFC,Concrete
The Company has specifically focused on green steel offerings in Netherlands and UK.,Manufacturing,TataSteel,Vague
"These models, based on principles of circular economy, are scalable, Under the above two initiatives, a total of − Under the initiative, 16 parks (4 each in replicable, and sustainable, and have 3.2 million students were engaged across Kolkata, Bengaluru, Mumbai, and Delhi) enabled the Company to sustain its 5,982 schools, and 42,000 kg of Plastic were successfully renovated with new plastic-neutral status since FY 2021-22.",FMCG,ITC,Concrete
"He was but with low productivity and facing frequent cultivating Soya in 4 acres and Wheat only in crop losses due to climate events such as 2 acres, as his borewell yield was very low.",FMCG,ITC,Concrete
"Consequently, the Netherlands with a Direct Reduced 90 the market is seeing increased demand Iron EAF by 2030. % for green alternatives.",Manufacturing,TataSteel,Concrete
It strives to ensure that the Company’s workforce is representative of all sections of society and proactively works towards guaranteeing fair representation of differently abled within its workforce.,Manufacturing,TataSteel,Vague
"This extensive database allows the change by the global environmental Launching Economist Impact’s Sustainability Atlas to provide clear and succinct responses to #ThriveAtInfosys is proof of our commitment to nonprofit CDP, securing a place on the CDP Atlas powered by Infosys Topaz - The sustainability-related questions, offering an efficient foster a culture at work where we cheer for one annual A List in 2024.",IT,Infosys,Concrete
"This synergy leverages India’s targeted crude steel capacity July 21, 2023 Europe's policy advancements and by FY2030-314 4 Ministry of Steel, Government of India 117th Year Integrated Report & Annual Accounts 2023-24 48 Zeremis® Carbon Lite, a declaration-based, low carbon emission steel solution with the potential for up to 100% reduction in CO intensity 2 Customer centricity 2 and digitisation Customer expectations and steel Steel is expanding its digital footprint assets remotely.",Manufacturing,TataSteel,Concrete
"The Board has approved a Charter for the functioning of the CSR&S Committee on March 31, 2015, which was last revised on November 11, 2021.",Manufacturing,TataSteel,Concrete
"Tata Steel is committed to collaborating with international bodies like the Task Force on Climate-Related Financial Disclosures (‘TCFD’) to improve ESG disclosures, adhere to evolving standards, and establish a sustainable financing framework.",Manufacturing,TataSteel,Vague
"FY 2023-24 FY 2022-23 Details of improvements in environmental and social impacts (` crore) (` crore) Total R&D 2,751 2,500 TCS’ investments in research and innovation have resulted in Expenditure (1.1% of Turnover) (1.1% of Turnover) solutions like Envirozone™, Clever Energy and IP2™.",IT,TCS,Concrete
"Anand Swaminathan and in partnership with accessible to remote regions of the country through Infosys CMT colleagues and stakeholders, and non- collaborations like Nirmaan Organization, Agastya, Read the Infosys Foundation 2024 report profit partners.",IT,Infosys,Concrete
Infosys ESG Report 2025-26 | 117 enhancing comfort and usability.,IT,Infosys,Concrete
Tata Steel is also exploring other volume sources of water to replace freshwater and remains dedicated to replenishing the water sources to strive to achieve Water Neutrality.,Manufacturing,TataSteel,Vague
"For all key entities of the Tata Steel Group, 100% of suppliers are made aware of Tata Steel’s RSCP through various training programmes.",Manufacturing,TataSteel,Concrete
"To minimise waste generated during steelmaking, Tata Steel has established a profit centre for waste management, named the Industrial By-Product Management Division (IBMD), dedicated to efficient by-product management through advanced steel waste processing practices.",Manufacturing,TataSteel,Vague
"As one of its strategic objectives, Tata Steel aspires to achieve industry leadership in sustainability.",Manufacturing,TataSteel,Vague
"We do not express an assurance opinion on information in respect of any other information included in the Integrated Annual Report 2024 or linked from the Sustainability Information or from the Integrated Annual Report 2023, including any images, audio files or embedded videos.",IT,TCS,Concrete
"CSR & ESG Committee  Policy Oversight and Strategic Alignment: Capitals impacted Recommended CSR and ESG policies and annual plans in line with Schedule VII of the Companies Act, 2013 and evolving stakeholder expectations.  Implementation Monitoring and Disclosure Review: Stakeholders impacted Oversaw the execution of CSR and ESG initiatives and reviewed related goals, performance, and external disclosure.",Banking,HDFC,Concrete
"Tata Steel GGBS is now available under the name ‘Tata Dureco.’ iii) E -Waste Management: The Company has established a process to ensure effective e-waste management in compliance with the E-Waste Management (EWM) Rules, 2016.",Manufacturing,TataSteel,Concrete
"In March 2024, Tata Steel welcomed for its unwavering commitment to inclusive environment.",Manufacturing,TataSteel,Concrete
"NEWTON Tel: 91 80 2852 0261 Vice President - Head - ESG | Diversity, Equity & Inclusion Fax: 91 80 2852 0362 Tel: +91 80 2852 0261 www.infosys.com Email: arunacnewton@infosys.com Date of publication: May 29, 2026 For more information, contact askus@infosys.com © 2026 Infosys Limited, Bengaluru, India.",IT,Infosys,Concrete
"ITC, as a part of its Social Investments Programme, engaged with the Environmental Engineering unit of IIT Chennai in the year FY 2021-22, to conduct a comprehensive Before After hydrological study of the catchment.",FMCG,ITC,Concrete
"Number of Directors/KMPs/employees/workers against whom disciplinary action was taken by any law enforcement agency for the charges of bribery / corruption41: FY 2023-24 FY 2022-23 Directors NIL NIL KMP NIL NIL Employees* NIL NIL *Restated to exclude cases which are not directly connected to the conduct of Company’s business or if connected, are not charged or convicted yet.",IT,TCS,Concrete
"Water withdrawal, consumption and discharge in areas of water stress (in kiloliters)82: For each facility / plant located in areas of water stress, provide the following information: (i) Name of the area: In FY 2023-24, there are 13 stress zones identified as per the above criteria.",IT,TCS,Concrete
"With this, almost 90% of the CO emissions 2 would be addressed.",Manufacturing,TataSteel,Concrete
"As a demonstration of our commitment towards environmental stewardship and driving positive Eco-friendly façades: outcomes, we implemented an Energy Management System and achieved ISO 50001:2018 We use ORAE Glass (70% recycled certification for our Bengaluru and Mysuru campuses during the year.",IT,Infosys,Concrete
Various initiatives and programs have been conducted across our DCs to foster and instill our culture among all our employees and to strengthen the core values of the Company.,IT,Infosys,Vague
"Waste directed to disposal refers to the total amount of waste materials that are ~17,12,000 kg ultimately sent to final disposal sites.",IT,Infosys,Concrete
62 | External Document © 2025 Infosys Limited INSIGHT TO IMPACT ENVIRONMENT SOCIAL GOVERNANCE Performance on Governance Goals Corporate Governance Data Privacy Information Management Building sustainable and responsible supply chains 273 suppliers engaged Our upstream value chain consists of more than commitment to ethical business practices and practices as part of the onboarding process.,IT,Infosys,Concrete
"117th Year Integrated Report & Annual Accounts 2023-24 56 Tata Steel has and will always relentlessly focus on strengthening the ethical culture across all its locations by reinforcing the policies and guidelines, setting high standards of transparency through strong corporate governance practices, and leveraging technology.",Manufacturing,TataSteel,Concrete
"External Document © 2026 Infosys Limited Our continued sponsorship reflects Bulgaria Infosys’ commitment to advancing educational access, child safety, and Svetluki: Promoting longterm community resilience.",IT,Infosys,Concrete
"The Netherlands IJmuiden plant, the Netherlands - one of the most CO efficient steel plants in the world 2 Tata Steel's steel manufacturing Green: From 2030 onwards, Tata and financial support from the plant at IJmuiden, in the Netherlands, Steel Nederland intends to reduce its government.",Manufacturing,TataSteel,Concrete
"While switching to renewable energy would only address 55% of global emissions, the remaining 45% of emissions will be addressed by adopting the principles of circular economy, i.e., eliminating waste and pollution, circulating products and materials, and regenerating nature.",FMCG,ITC,Concrete
"We are also committed to leading the Biodiversity is a vital indicator of ecological reinforced India’s role in global conservation advocacy of ESG initiatives. health, and its preservation demands collective and supported the ‘30 by 30’ goal, urging action to create refuges in urban settings.",IT,Infosys,Vague
Suppliers are informed of grievance redressal mechanisms Infosys ESG Report 2025-26 | 146 External Document © 2026 Infosys Limited Engaging with stakeholders and earning trust through transparent communication Infosys has proudly maintained a and fostering decarbonization and strategic partnership with the World collaborative partnerships throughout Economic Forum (WEF) for a remarkable global value chains.,IT,Infosys,Concrete
TSN has a public commitment to reduce its CO 2 emissions by 5 Megatons by 2030.,Manufacturing,TataSteel,Concrete
"Out of 2000, supply chain partners from local states, 85 vendor partners belong to the AA and Displaced Person categories.",Manufacturing,TataSteel,Concrete
"An ESG Council, comprising Committee to achieve the ambitions challenges to the Risk Management Overall responsibility of ESG in the senior company leaders, is responsible outlined in the ESG Vision 2030.",IT,Infosys,Concrete
"To ensure motherhood does not hinder Environmental, Social and Governance Report 2024-25 97 career growth, maternity transition support includes guaranteed performance ratings during leave.",Banking,HDFC,Concrete
"Infosys stronger data foundations. framework integrates grid modernization, implemented a unified, AI-powered renewables and storage, and carbon Vehicle Inspection System integrating management, enabling utilities to evolve legacy modules and IoT-enabled devices Infosys ESG Report 2025-26 | 64 External Document © 2026 Infosys Limited into more data-driven, low-carbon energy Sustainability revenues ecosystems.",IT,Infosys,Concrete
Lowest ever fuel rate to 524 kg/thm (reduction of 1% over FY2022-23) • Enhanced wastewater recovery and improved 9.,Manufacturing,TataSteel,Concrete
"Tata Steel aims to cover 100% of sites in India, in the UK, in the Netherlands under the Biodiversity Management Plan by 2025.",Manufacturing,TataSteel,Concrete
"The Industry standards on reporting of BRSR core, issued by SEBI dated December 20,2024, have been referred to, as applicable for FY2024-25 BRSR Core KPIs.",Manufacturing,TataSteel,Concrete
"Across multiple campuses, employees Infosys ESG Report 2025-26 | 53 Strengthening laptops, lighting, fans, air conditioners, and seasonal heating or cooling systems, transparency in Work From among others.",IT,Infosys,Concrete
"This initiative reflects Infosys’ broader The event offered a meaningful ESG focus on community well-being, opportunity for Infosys employees employee engagement, and contributing to give back to the community while to causes that strengthen resilience and strengthening connections with equity in the communities where we live colleagues outside the workplace. and work.",IT,Infosys,Vague
"117th Year Integrated Report & Annual Accounts 2023-24 The primary objective of the Committee is to monitor and provide effective supervision of the Management’s financial reporting process, to ensure accurate and timely disclosures, with the highest levels of transparency, integrity and quality of financial reporting.",Manufacturing,TataSteel,Concrete
"We continue to invest in creating a safe, inclusive, and empowering workplace that These reflect our continued promotes diversity and equal opportunity. efforts to align with global Our focused efforts on gender diversity have resulted in women comprising 28.2% of our ESG benchmarks and workforce across roles and levels. enhance disclosure quality.",Banking,HDFC,Concrete
"Through our employee value proposition, we continue to activate Global Top Employer 2026 80% 77% 79% human wellness and experience by anchoring on meaningful purpose, enabling growth, enriching experiences, fostering a strong sense of connectedness.",IT,Infosys,Concrete
"Infosys Culture policies and programs were recognized by Work180 JAPAN Infosys teams in New Zealand, Canberra, Sydney, Driving social impact through employee in Australia, a targeted women’s recruitment portal.",IT,Infosys,Concrete
"ITC’s initiatives focus on nutrition and wellbeing, women empowerment, environment sustainability, food safety and education.",FMCG,ITC,Vague
"Our reporting is guided by the initiatives, we continue to reduce the amount of and dry bins, and further segregation into different not only to minimize environmental impact Global Reporting Initiative (GRI) 306: Waste 2020 waste sent to landfills.",IT,Infosys,Concrete
"Details of significant investments in subsidiaries, joint ventures and associates (Contd.) (% Direct Holding) As at As at Country of Incorporation March 31, 2024 March 31, 2023 (c) Joint ventures (1) Andal East Coal Company Private Limited India 33.89 33.89 (2) Industrial Energy Limited India 26.00 26.00 (3) Jamipol Limited India 7.11 7.11 (4) mjunction services limited India 50.00 50.00 (5) Nicco Jubilee Park Limited India 1.23 1.23 (6) Tata NYK Shipping Pte Ltd.",Manufacturing,TataSteel,Concrete
Similar institutions have been created in other interventions also to 2.0 199 & Growth Social - Social Stewardship Contribution to UN SDGs SDG / SDG Target Select Interventions by ITC 7.2: Share of renewable 2030 S2.0 Target achieved 7 years in advance: 50% of ITC’s energy Energy Consumption from Renewable Sources.,FMCG,ITC,Concrete
"Subsidiary-related Risks Governance issues or Controlled through structured Risks originating from actions missteps in subsidiaries governance, subsidiary- taken by subsidiary companies may affect group level risk committees, and performance and reporting mechanisms to the compliance. parent company.",Banking,HDFC,Concrete
"The courses will focus on tennis and leadership, So far, our volunteers have delivered 125 sessions, developing tennis in neighborhoods, and how tennis totaling 3,527 minutes. can be a tool for education and inclusion.",IT,Infosys,Vague
117th Year Integrated Report & Annual Accounts 2023-24 » Controlling Freight/logistics costs: Tata Steel has been able to maintain its shipping spend within the plan through continuous portfolio management and hedging initiatives. » Sustainability Initiatives: Supply Chain has strengthened tracking and measurement of Scope 3 emissions and has proactively undertaken several initiatives for its commitment towards a greener supply chain.,Manufacturing,TataSteel,Concrete
"Narendran Koushik Chatterjee Parvatheesam Kanchinadham Partner Independent Independent Chief Executive Officer Executive Director Company Secretary & Membership Number 100332 Director Director & Managing Director & Chief Financial Officer Chief Legal Officer DIN: 00356188 DIN: 10083454 DIN: 03083605 DIN: 00004989 (Corporate & Compliance) ACS: 15921 Mumbai, May 29, 2024 F31 117th Year Integrated Report & Annual Accounts 2023-24 NOTES forming part of the standalone financial statements 1.",Manufacturing,TataSteel,Concrete
"Our strategic focus on profitable growth, diversified distribution, customer-centricity and building a future-ready organisation has allowed us to navigate the challenging external environment.",Banking,HDFC,Vague
"In fiscal 2025, at the halfway mark, we share some of positive in 2030, these journeys with you in this ESG report, engineering the path proof of what is possible when purpose meets action, as we continue to move ahead, mining with precision. insights to deliver impact.",IT,Infosys,Concrete
"Gross wages paid to females as % of total wages paid by the entity, in the following format: Tata Steel Standalone Tata Steel Consolidated FY2023-24 FY2022-23 FY2023-24 FY2022-23 Gross wages paid to females as % of total 7 7 8 8 wages Note 1: For this indicator, Wages include the following components of Employee Benefit Expenses as per Note 27 of Audited Standalone Financial Statements for the year ended March 31, 2024 - i) Salaries and wages ii) Contribution to provident and other funds.",Manufacturing,TataSteel,Concrete
"Expansion brings 2020 with it increased carbon emissions, resource consumption, and environmental pressure.",IT,Infosys,Concrete
"The Company Reducing emissions helps improve the Company’s has also expanded its green mobility fleet for transporting finished goods to reputation and aligns with its Net Zero target. ~300 alternative-fuel vehicles, a 57% increase from FY2023-24.",Manufacturing,TataSteel,Concrete
"In 2020, we undertook a review of the progress we made over the past decade on our sustainability goals and developed the lens further in a more practical and comprehensive manner, to broaden our ESG focus and rank our priorities in order of their importance to our business and our stakeholders.",IT,Infosys,Concrete
"The Constellation leaders employee sentiments and feedback through its Attrition score remains low at 14% when compared institutionalized a Quarterly Check-ins program also commenced work on cross-functional, Pulse survey.",IT,Infosys,Concrete
"Refuse Reuse Recycle sewage treatment plants is treated in solar drying greenhouses, and the resulting dry sludge is mixed Waste is an important dimension of the HSEMS with compost and used in landscaping. policy, aligned with ISO 14001:2015 standards across all India locations in line with our HSE Strategy.",IT,Infosys,Concrete
"Studying the effects of high scrap contents on high-strength and clean steels. » HIsarna Technology: Engineering for upscaling to 1 million tonnes/year demo plant started in FY2021-22 and continued through FY2022-23, in collaboration with a team in Jamshedpur, India.",Manufacturing,TataSteel,Concrete
"Infosys ESG Report 2025-26 | 72 composting, and reuse.",IT,Infosys,Concrete
"Guided programs in e-governance, by this vision, we have empowered over 125 million lives through our Tech for Good initiatives—exceeding our target of impacting 80+ million healthcare, and education lives by 2025 across education, healthcare, and e-governance.",IT,Infosys,Concrete
"External Document © 2026 Infosys Limited and design decisions, Infosys commitment to source 100% renewable demonstrates how LCA-led infrastructure electricity by 2030.",IT,Infosys,Concrete
"Deepak Kapoor, Chairperson of CSR&S Committee was present at the Annual General Meeting of the Company held on Wednesday, July 5, 2023.",Manufacturing,TataSteel,Concrete
40 lakes across our campuses have a capacity Enabling to store over 430 million liters of rainwater.,IT,Infosys,Concrete
"Further, List of Material Subsidiaries: Subsidiaries whose total income / net Date of appointment of SN worth exceeds 10% of the Group's total Name of statutory auditors Date of Incorporation Place of Incorporation statutory auditors income/ net worth As on March 31, 2023 1 Tata Steel IJmuiden BV October 5, 2017 June 28,1972 PriceWaterhouseCoopers 2 Tata Steel Nederland BV October 5, 2017 September 20, 1918 The Netherlands Accountants NV 3 Tata Steel Netherlands Holdings B.V.",Manufacturing,TataSteel,Concrete
"London, United Kingdom Infosys Denmark participated in DHL Colleagues prepared handwritten Stafetten, Denmark’s largest corporate appreciation cards for youth workers, relay race, joining more than 30,000 accompanied by vouchers and a charitable donation to London runners for a day focused on movement, Youth, reinforcing our long-standing teamwork, and community engagement. commitment to youth empowerment.",IT,Infosys,Vague
"Tata Steel Minerals Canada Limited (TSMC) These companies constitute 99% of Tata Steel’s consolidated revenues, 95% of Tata Steel Group’s employee base and 99% of Tata Steel Group’s emission footprint.",Manufacturing,TataSteel,Concrete
No. of employees/workers that are rehabilitated and placed in suitable Total no. of affected employees/workers employment or whose family members have been placed in suitable employment FY2023-24 FY2022-23 FY2023-24 FY2022-23 Employees 4 11 2 2 Workers 20 15 9 4 117th Year Integrated Report & Annual Accounts 2023-24 192 4.,Manufacturing,TataSteel,Concrete
"In January 2024, TSN commissioned its largest environmental installation, a dedusting installation at its IJmuiden Pellet Plant.",Manufacturing,TataSteel,Concrete
An inclusion of 14 locations globally in the reporting boundary during the current year attributed to a 2.8% increase leading to an overall increase in electricity consumption. .,IT,TCS,Concrete
"The centre at Imperial College London is Safety leadership continues to be demonstrated with focused on Sustainable Design and Manufacturing and through senior leadership, audits, across the business. enables the acceleration of technology development and deployment in strategic areas, attract talent, To further improve the level of safety on TSN sites, and strengthen the industry-academia collaborative TSN is implementing an additional strategy to create a eco-system.",Manufacturing,TataSteel,Vague
"The process is sustainability governance. operationally supported by KFin Technologies Ltd., the Company’s Registrar and Transfer Agent, to For a detailed overview, refer to the ‘Advancing Environmental ensure prompt handling of shareholder requests and Stewardship’ section on correspondence.",Banking,HDFC,Concrete
"Liquidity Risk Insufficient liquidity can Mitigated through cash flow Inability to liquidate an asset or restrict the Company’s tracking, investments in high- to meet contractual obligations ability to meet quality and liquid assets, and when due obligations or pursue compliance with regulatory strategic growth. investment norms.",Banking,HDFC,Concrete
"Integrated Report and Business Responsibility and Sustainability Report In keeping with the Company’s valued tradition of ‘thinking about society and not just the business’, in 2016, Tata Steel Limited transitioned from compliance based reporting to governance based reporting by adopting 117th Year Integrated Report & Annual Accounts 2023-24 the <IR> framework of the IFRS Foundation.",Manufacturing,TataSteel,Concrete
"FY2024-25 FY2023-24 Number of Number of complaints complaints pending Number of complaints filed Number of complaints pending filed during the year resolution at close of during the year resolution at close of the year the year 1,502 192 1,033 125 118th Year | Integrated Report & Annual Accounts 2024-25 | 139 Stakeholder Group Grievance Redressal Mechanism in Place Customers Tata Steel uses an 8D Complaint Management Process to solve critical problems.",Manufacturing,TataSteel,Concrete
"Protocols aligned with the UNGPs, OECD Guidelines, IFC PS, SA8000:2014, ILO framework, Tata Group Business and Human Rights Guidelines, and national laws guided the audits.",Manufacturing,TataSteel,Concrete
"Water User Groups (WUGs), Agri-Business Centres (ABCs), work with women farmers, and the creation ITCMAARS will progressively cover as many of rural infrastructure for improving adaptive capacity as 4,000 FPOs, empowering 10 million Indian Mission Sunehra Kal for farmers by 2030.",FMCG,ITC,Concrete
"Your feedback and Personal Data Protection Act, 2023, both partnership remain vital as we continue during the development of the regulation to build a future that is resilient, inclusive, and subsequent formulation of the DPDP and sustainable for all.",IT,Infosys,Concrete
"Energy Conservation Measures ITC Units focus on energy efficiency through process improvements, and investing in low-carbon technologies.",FMCG,ITC,Vague
"In our quest River basin water positive in 5 years has to raise the bar even higher, 12 of our hotels ITC’s Climate Smart Agriculture emboldened us to implement four more Circularity and Product have become the first in the world to receive programme has benefitted 10.5 lakh such river regeneration projects.",FMCG,ITC,Concrete
"The Steel Recycling Business (SRB) is responsible for sourcing and supplying Net Zero by 2045, Tata Steel has increased the entire scrap requirement of Tata Steel in India.",Manufacturing,TataSteel,Concrete
External Document © 2026 Infosys Limited environmental impacts.,IT,Infosys,Concrete
"Farmer Awareness and Training Creating Market Linkages Consumer Awareness In view of the International Year of Millets To build awareness and promote good To cater to the demand for its products, ITC is ITC's world-class Indian Brands anchor (IYOM) 2023, ITC launched Mission Millets, agricultural practices amongst the farmers, currently sourcing required Millets (Sorghum, millet-based products.",FMCG,ITC,Concrete
"Established in 1988, the central businesses, people and communities. body maintains deep, multi-stakeholder relationships with the government, U.S.–India Strategic Partnership Forum industry leaders, academia and (USISPF) international bodies.",IT,Infosys,Concrete
"2 sequestered to 2.0 53 & Growth Social - Environmental Stewardship Climate Change Transitioning to a Low Carbon Economy: Decarbonisation Across the Value Chain In FY 2023-24, ITC completed a baseline study to understand its GHG footprint across the entire value chain.",FMCG,ITC,Concrete
"In FY 2025, we had 20+ and various electronic accessories. partner with local schools and NGOs for student Our focused efforts on reducing diversion from publications, spanning introduction to sustainability, outreach programs.",IT,Infosys,Concrete
The Company is and inclusion. nurtures these relationships committed to be Net Zero through long-established and by 2045. constantly evolving forums.,Manufacturing,TataSteel,Concrete
42 GRI 308-1 43 GRI 306-2 136 Business Responsibility & Sustainability Report Leadership Indicators 1.,IT,TCS,Concrete
Inclusive Value Chain FY 2019-20 FY 2020-21 FY 2021-22 FY 2022-23 FY 2023-24 → The fibre used at the Kovai Unit is either ITC encourages competency development recycled or reclaimed fibre.,FMCG,ITC,Concrete
"Infosys ESG Report 2025-26 | 152 Collaborations with industry bodies, regulators and standard setting firms Independent Data Privacy Office (DPO) At Infosys, the independent DPO plays the role of architect and checker, while business enabling functions and units are the makers, with independent audits being carried out periodically by our Quality team and external bodies.",IT,Infosys,Concrete
"Overall, ITC’s mother and child health and Understanding the need for high-quality nutrition programme covered 14.61 lakh doorstep eye care for the community, ITC Mobile Vision Unit (MVU) in Uttar Pradesh beneficiaries during the year. has also initiated an innovative intervention for eye care under which two Mobile Vision Healthcare Units (MVU) were pressed into service in hospital for further management.",FMCG,ITC,Concrete
"The pledge Besides, we have also developed self is signed by 100% of our managers learning modules on ‘Safety training’ who have set the culture of becoming role and ‘How to make an emergency models for their teams.",Banking,HDFC,Concrete
Indian Corporate Governance Score Card 2023 by the Institutional Investor Advisory Services (IiAS) HDFC Life secured the ‘Leadership’ category in the Indian Corporate Governance Scorecard Assessment 2023 by the Institutional Investor Advisory Services (IiAS).,Banking,HDFC,Concrete
"The announcement is part of of deliveries of next-generation, green- development and scale-up. the UK-India Hydrogen Partnerships, fuel-powered commercial vehicles, To increase renewable energy use, which builds on the UK-India Hydrogen including Prima tractor-trailers, tippers, Tata Steel commissioned a floating Hub announced by the UK and Indian and the Ultra EV bus, all powered by low solar power project with a capacity of Prime Ministers in 2022.",Manufacturing,TataSteel,Concrete
"More This year, 1,100+ suppliers were assessed than 84% of our workforce is enabled in for ESG – strengthening transparency AI, progressing in line with our efforts and climate accountability across our to make our entire workforce future- ecosystem. ready.",IT,Infosys,Concrete
"Led by a dedicated CSR team, each project is thoughtfully assessed and approved by our Board CSR and ESG Committee ensuring strong governance, transparency, and alignment with the Companies Act, 2013.",Banking,HDFC,Concrete
"In the Netherlands and the UK, Tata Steel to achieve Net Zero emissions by 2045, making the has taken steps towards low emission steelmaking.",Manufacturing,TataSteel,Concrete
"The BioConserve platform is a digital forum that allows collaboration and Summit 2026 highlights: knowledge-sharing to catalyze the transformation of urban campuses into • 200+ participants, including corporate biodiversity hubs.",IT,Infosys,Concrete
"With increased strength in passenger safety cells, this product offers weight saving opportunities of up to 15%.",Manufacturing,TataSteel,Concrete
75 | External Document © 2025 Infosys Limited INSIGHT TO IMPACT ENVIRONMENT SOCIAL GOVERNANCE Performance on Governance Goals Corporate Governance Data Privacy Information Management comprehensive Managed Protection Detection and Response (MPDR) for our global customers.,IT,Infosys,Concrete
Saurabh Agrawal(3) NA NA median remuneration of employees in the Independent Directors Financial Year 2023-24: (8.01%) Mr.,Manufacturing,TataSteel,Concrete
"Sustained margin expansion decarbonisation, building green infrastructure, and Outlook on the back of premiumisation, delayering For FY 2023-24, Gross Revenue and scaling up carbon sequestration, promoting operations, agile cost management, and EBITDA stood at ₹694.46 billion and climate-smart and regenerative agriculture, The global economy witnessed another year judicious pricing actions led to robust growth in ₹244.79 billion, respectively.",FMCG,ITC,Concrete
"Steel is ideally suited to a circular economy: it is durable and flexible with a long lifespan, provides many opportunities for its reuse and product life extension, is easily recovered and recycled after scrapping due to its magnetic properties, and can produce new steel using well-proven low-carbon technology.",Manufacturing,TataSteel,Concrete
"Amsterdam, The Netherlands Employees partnered with volunteers from Liberty Global to assemble care boxes for Foor El Qaar, supporting Infosys employees joined more than 30,000 families and individuals facing runners in DHL Stafetten, Denmark’s largest hardship. corporate relay race.",IT,Infosys,Concrete
"Accessibility of workplaces Are the premises / offices of the entity accessible to differently abled employees and workers, as per the requirements of the Rights of Persons with Disabilities Act, 2016 (RPWD 2016 Act)?",IT,TCS,Concrete
"Environment Protection Act, 1986 and the rules, and Company’s Affairs in pursuance of the above referred laws, notifications issued thereunder. rules, regulations, guidelines, standards, etc.",Manufacturing,TataSteel,Concrete
"The Company entered into the and drive impactful outcomes across our espouses the cause of addressing mental and inclusive value chains support over 6 prestigious 'A' League for ‘CDP Water’ and value chains. health issues. ‘Vivel’ champions women’s million livelihoods, and we aim to increase this retained the 'A-Leadership' in 'CDP Climate' empowerment.",FMCG,ITC,Vague
"ITC’s Paper Business was started to promote Through these programmes, ITC has been able sustainable forest management practices in the to collect and sustainably manage ~70,000 MT value chain and secure the supply of pulpwood of plastic packaging waste, which is more than for its paper mills.",FMCG,ITC,Concrete
"A detailed investigation process Grievance Management ensures fairness for all involved, with an opportunity to present facts and any Infosys is committed to providing a material evidence. safe and positive work environment.",IT,Infosys,Vague
"In FY 2022-23, we The ESG Management Committee acknowledges conducted a materiality assessment to determine that it has applied its collective judgement in our key topics.",Banking,HDFC,Concrete
"During the last year, Providers enshrines the Company’s unwavering over 10,900 employees were covered under focus on fair treatment, human rights, good the collective bargaining process across labour practices, environmental conservation, India.",FMCG,ITC,Vague
"The SA8000:2014 policy covers various aspects of human rights such as child labour, forced or compulsory labour, health and safety, freedom of association and collective bargaining, non-discrimination, disciplinary practices, working hours, compensation practices, and management systems.",Manufacturing,TataSteel,Concrete
"We aim to improve the lives of those around us through various programmes and initiatives focussing on the following three core areas: Our Core Focus Areas Education and Healthcare Environmental Livelihood and Sanitation Sustainability Our initiatives are guided by a Swabhimaan targeting key areas such as quality comprehensive CSR policy which Swabhimaan is our umbrella for education, sustainable cities and aligns with Schedule VII, Section 135 executing CSR initiatives.",Banking,HDFC,Vague
ITC took up climate risk 300-350 feet.,FMCG,ITC,Vague
"Scan QR code for Agroforestry video EExxtteerrnnaall DDooccuummeenntt ©© 22002266 IInnffoossyyss LLiimmiitteedd Restore Carbon offset programs Since 2016, Infosys has actively pursued carbon reduction projects across India, with a focus on expanding energy access for rural communities.",IT,Infosys,Concrete
"During the year, over 14,485 acres of fruit tree plantations were On-farm Livelihood Diversification: promoted, taking the cumulative total to Social Forestry 16,200 acres.",FMCG,ITC,Concrete
"The Code has been published in the Gazette of India and subsequently on November 13, 2020 draft rules were published and invited for stakeholders’ suggestions.",Manufacturing,TataSteel,Concrete
"Prepare for Employment Program (PEP), offering Building inclusive infrastructure & policies In fiscal 2025, Infosys introduced inclusive restrooms across all India campuses, taking a tangible step toward making our physical spaces welcoming and safe for all gender identities.",IT,Infosys,Concrete
Golden Peacock Award for Excellence in Corporate Governance 2023 HDFC Life won the 'Golden Peacock Award' for Excellence in Corporate Governance 2023.,Banking,HDFC,Concrete
"In relation to the likely investments required for the de-carbonisation of TSN operations driven by regulatory changes in Europe and F261 117th Year Integrated Report & Annual Accounts 2023-24 NOTES forming part of the consolidated financial statements Netherlands, inter alia, the scenarios consider that the Dutch Government will provide a certain level of financial support to execute the decarbonisation strategy, which are being discussed between the Company /TSN and Dutch Government.",Manufacturing,TataSteel,Concrete
It thereby 115 kilotonnes of carbon annually. a memorandum of understanding goes beyond the Greenhouse Gas This will make ~49% of Tarapur and (MoU) to co-create innovative models Protocol and uses traditional accounting Khopoli power green.,Manufacturing,TataSteel,Concrete
External Document © 2026 Infosys Limited Infosys employees took part in the J.P.,IT,Infosys,Concrete
"How we do it E-waste, 6.5 tonnes of Paper waste, and 0.1 tonnes  We stand firm on our commitment to climate of Plastic waste. action, and we continue to progress on our journey  In FY 2023-24, our water consumption remained at to decarbonisation as per our defined pathway.",Banking,HDFC,Concrete
"Further, in FY 2023-24 we refreshed our material topics through an internal assessment to ensure the continued relevance and alignment of the topics with our priorities and the sustainability landscape.",Banking,HDFC,Concrete
"This commitment has been recognized through our Global Top As artificial intelligence reshapes Employer 2026 certification in 20 industries and work at scale, inclusive countries and our inclusion among India’s growth depends on our ability to Best Employers Among Nation Builders enable continuous learning and large- 2025 by Great Place to Work®.",IT,Infosys,Concrete
"Capex 37% 18% Includes investments in low CO emission transition, other air 2 emission (SOx, NOx and dust) reduction, water conservation and effluent treatment, solid waste utilisation, improvement of safety and employee welfare initiatives.",Manufacturing,TataSteel,Concrete
"In the UK, all value chain partners are risk assessed initially and periodically for health & safety, adhering to OHSAS 18001/ISO 45001:2018, ISO14001:2015 & ISO9001:2015 standards.",Manufacturing,TataSteel,Concrete
Working hours are monitored to prevent excessive Infosys ESG Report 2025-26 | 126 workloads and to support employee Gender pay indicators well-being.,IT,Infosys,Concrete
"97 What’s Next In the coming year, we aim to build on our cultural strengths by deepening inclusion, advancing capability development through digital learning, and fostering stronger connections through transparent, trust-led engagement.",Banking,HDFC,Vague
"As per a recent third-party study, 1.6 million acres. recently commissioned a state-of-the-art of climate change is imperative.",FMCG,ITC,Concrete
"In addition to the internal assessments, some sites are certified to SA8000:2014 by Discrimination at workplace third party and human rights due diligence were conducted covering all business units based on Wages sample basis.",Manufacturing,TataSteel,Concrete
"Mission Sunehra Kal for Page 160 Sustainable and Inclusive In FY 2023-24, water-efficient agri-practices promoted by ITC have been adopted by Growth farmers across nearly 1.5 million acres spanning 15 crops.",FMCG,ITC,Concrete
"118th Year | Integrated Report & Annual Accounts 2024-25 | 148 Governance, Leadership and Oversight 7.",Manufacturing,TataSteel,Concrete
"The process Network for Quality (ANQ) Congress, Company remains committed to includes benchmarking of operating Tata Steel bagged the Best Paper driving forward, and setting new performance indicators and identifying Award. standards of excellence in all its enablers to achieve best-in-class yield, Tata Steel continued to excel at endeavours. energy efficiency, throughput, quality, the national forums of repute.",Manufacturing,TataSteel,Vague
"Davos Global Engagements Demonstrating its deep-rooted commitment Infosys is an active member of the WEF’s Alliance of Infosys actively contributes to global thought to sustainability, Infosys ensured a completely CEO Climate Leaders, a coalition of business leaders leadership through the participation of its key carbon-neutral presence at Davos 2025.",IT,Infosys,Concrete
119 117th Year Integrated Report & Annual Accounts 2023-24 Value Creation Climate Change Report a competitive regulatory environment.,Manufacturing,TataSteel,Concrete
"306 The CSR policy is available on our website at https://www. tatasteel.com/media/11804/tata-steel-csr-policy-latest-2019. pdf 4 (Four) meetings of the CSR&S Committee were held during the financial year ended March 31, 2024.",Manufacturing,TataSteel,Concrete
Key products and platforms 06 | External Document © 2025 Infosys Limited INSIGHT TO IMPACT ENVIRONMENT SOCIAL GOVERNANCE Introduction Message from the CFO Corporate Overview Approach to Reporting ESG Highlights Our ESG Priorities Infosys ESG Report 2024-25 Infosys has stayed true to the vision of the founders – to continue to earn the respect of our stakeholders globally.,IT,Infosys,Concrete
"77 117th Year Integrated Report & Annual Accounts 2023-24 Value Creation Manufactured Capital Making steel manufacturing process green Along with capacity expansion, Tata Steel remains focused on improving the sustainability performance of its assets.",Manufacturing,TataSteel,Concrete
"532540 Dear Sirs, Sub: Business Responsibility and Sustainability Reporting Pursuant to Regulation 34(2)(f) of Securities and Exchange Board of India (Listing Obligations and Disclosure Requirements) Regulations, 2015, we are submitting herewith the the Business Responsibility and Sustainability Report for Financial Year (FY) 2023- 24, which also forms part of the Integrated Annual Report for FY 2023-24, submitted to the Exchanges vide letter no.",IT,TCS,Concrete
2027: Coverage of 100% critical supply chain partners for ESG risk assessment for Tata Steel Limited. b.,Manufacturing,TataSteel,Concrete
"In FY 2023 and FY 2024, business travel emissions also include hotel stays at various geographies during business travel.",IT,TCS,Concrete
"In the past three years, these projects have added 4.3 200+ people 100+ companies billion liters of water capacity across multiple states, contributing to aquifer recharge, flood-risk mitigation, and the revival of degraded water bodies into thriving community ecosystems. participated in BioConserve Summit 2026 Climate solutions ASSURE We have taken our sustainability expertise to deliver impactful solutions for our clients.",IT,Infosys,Concrete
STAKEHOLDER ENGAGEMENT AND MATERIALITY 59 Stakeholder Engagement 60 Materiality 64 Decline in LTIFR in % the past 15 years 117th Year Integrated Report & Annual Accounts 2023-24 58 59 117th Year Integrated Report & Annual Accounts 2023-24 .,Manufacturing,TataSteel,Concrete
Distribution of tablets by Infosys Springboard Springboard Makers Lab on Wheels 36 | External Document © 2025 Infosys Limited INSIGHT TO IMPACT ENVIRONMENT SOCIAL GOVERNANCE Samskruti College students get hands-on experience in robotics with the SpringBoard Maker Lab on wheels.,IT,Infosys,Concrete
"With recent ground granulated blast furnace is also following this trend and has certifications, over 90% of Tata Steel's slag (GGBS), which serves as an increased its focus towards enhancing production in India is now from alternative cementitious material in the focus on sustainability.",Manufacturing,TataSteel,Concrete
"Narendran Koushik Chatterjee Parvatheesam Kanchinadham Partner Independent Independent Chief Executive Officer Executive Director Company Secretary & Membership Number 100332 Director Director & Managing Director & Chief Financial Officer Chief Legal Officer DIN: 00356188 DIN: 10083454 DIN: 03083605 DIN: 00004989 (Corporate & Compliance) ACS: 15921 Mumbai, May 29, 2024 F27 117th Year Integrated Report & Annual Accounts 2023-24 STATEMENT OF CHANGES IN EQUITY for the year ended March 31, 2024 A.",Manufacturing,TataSteel,Concrete
"Tata Steel is committed to sustainable development and human rights protection, with mechanisms for addressing grievances.",Manufacturing,TataSteel,Vague
Infosys ESG Report 2025-26 | 90 Infosys Foundation USA is driving computer science education at scale through targeted programs.,IT,Infosys,Concrete
"Renewable Electricity 93% Grey Electricity 7% Description Emissions (tCO₂e) Gross emissions 163 tCO2e REGOs cancelled (1,500,000 kWh) 843 MWh Net Scope 2 emissions (market-based) 0.0 We sourced 7% of our electricity through Renewable Energy Guarantees of Origin (REGOs), ensuring that all purchased electricity was generated from UK-based renewable sources.",IT,TCS,Concrete
"89 117th Year Integrated Report & Annual Accounts 2023-24 Value Creation Human Capital Under the ‘Flames of Change’ ‘Women of Mettle’, one of the The ‘Women@Mines’ programme initiative, Tata Steel recruited 23 Company’s ‘Campus Connect’ aims to provide technical training women to create the first-ever crew initiatives, is a pioneering to unskilled women workers and of female firefighters in the steel scholarship programme to induct enable them to work in core jobs industry in India.",Manufacturing,TataSteel,Concrete
Recognition: » The project ‘Sustainable Utilisation of LD Sludge in Pellet’ at TSM adjudged as the ‘Most Innovative Project’ at the CII National Award for Environmental Best Practices 2023. vi) Ferro Alloys and Minerals Division The Company’s Ferro Alloys and Minerals Division (‘FAMD’) is one of the leading producer of Ferro Chrome and Manganese alloys in India.,Manufacturing,TataSteel,Concrete
"This fosters a sense of community Supporting women through life stages development • F ocus on AI and digital transformation: More and provides access to invaluable guidance and Our parental leave programs reflect our dedication In pursuit of our ESG 2030 Vision, we continue to than 250 women leaders completed a specialized career development resources.",IT,Infosys,Concrete
This continue to evaluate and upgrade its a cornerstone in supporting the achievement marks a significant stride technology stack to ensure it meets trajectory of the enterprise towards a in propelling the function towards the emerging compliance demands. sustainable future. sustained operational excellence.,Manufacturing,TataSteel,Vague
"In our opinion and to the best of our information and standalone financial statements under the provisions of according to the explanations given to us, the aforesaid the Act and the Rules thereunder, and we have fulfilled standalone financial statements give the information our other ethical responsibilities in accordance with these required by the Companies Act, 2013 (“the Act”) in the requirements and the Code of Ethics.",Manufacturing,TataSteel,Concrete
"Therefore, establishing a linkage between This focus on SOC aligns with the principles of biodiversity and livelihoods makes it meaningful regenerative agriculture.",FMCG,ITC,Vague
"We aim to achieve a 10% reduction year on year in energy consumption, material use, and waste generation, while becoming a zero waste to landfill producer by 2026.",IT,TCS,Concrete
"In 2023-24, 10,106 Anganwadi officials were created for cascading training 2024, covering 54,500 Anganwadi Sevikas. the capacity of Integrated Child Development Sevikas underwent refresher training through to Anganwadis, which would ensure the This expansion aims to benefit 16 lakh children Services (ICDS) officials, supervisors, and a cascade methodology.",FMCG,ITC,Concrete
"Its long-term relationships environmental management Tata Steel is committed to with customers, suppliers, and resource optimisation cultivating a future-ready and communities is key to the projects across the geographies culture that prioritises safety Company’s business sustainability to manage its ecological and embraces diversity, equity, and core strategy.",Manufacturing,TataSteel,Vague
"For Scope 2 emissions – for India, the source is the emission factor is the CO2 Baseline Database for the Indian Power Sector, User Guide, Version 19.0, December 2023, published by the Central Electricity Authority of India.",IT,TCS,Concrete
"What we achieved  With the launch of our employee resource groups led by senior leaders, we aim to drive the inclusive agenda  26.9 % of our workforce are women, and we have beyond HR into a company-wide effort. been recognised as the Best Organisation for Women 2024 by Economic Times, ranked amongst the 100 Capitals Impacted Best Companies for Women in India 2023 by Avtar and termed the Exemplar of Inclusion 2023 by Seramount.",Banking,HDFC,Concrete
